correlation_coefficient,p_value
-0.032244584790827174,0.00300539401429779
